Opcija_1,Opcija_2,Opcija_3
[0.5344541193184049],[0.3313291290363833],[0.6221237190544482]
